Artist,Sex
Jetty Paerl,female
Lys Assia,female
Fud Leclerc,male
Walter Andreas Schwarz,male
Mathé Altéry,female
Michèle Arnaud,female
Franca Raimondi,female
Corry Brokken,female
Mony Marc,female
Freddy Quinn,male
Dany Dauberson,female
Tonina Torrielli,female
Bobbejaan Schoepen,male
Danièle Dupré,female
Patricia Bredin,female
Nunzio Gallo,male
Bob Martin,male
Margot Hielscher,female
Paule Desjardins,female
Birthe Wilke & Gustav Winckler,group
Domenico Modugno,male
André Claveau,male
Solange Berry,female
Alice Babs,female
Raquel Rastenni,female
Liane Augustin,female
Jean Philippe,male
Birthe Wilke,female
Jacques Pills,male
Teddy Scholten,female
Alice & Ellen Kessler,group
Brita Borg,female
Christa Williams,female
Ferry Graf,male
Pearl Carr & Teddy Johnson,group
Bob Benny,male
Bryan Johnson,male
Siw Malmkvist,female
Camillo Felgen,male
Katy Bødtger,female
Nora Brockstedt,female
Harry Winter,male
François Deguelt,male
Anita Traversi,female
Rudi Carrell,male
Wyn Hoop,male
Renato Rascel,male
Jacqueline Boyer,female
Conchita Bautista,female
Colette Deréal,female
Jimmy Makulis,male
Laila Kinnunen,female
Ljiljana Petrović,female
Greetje Kauffeld,female
Lill-Babs,female
Lale Andersen,female
Jean-Paul Mauric,male
Franca di Rienzo,female
Dario Campeotto,male
Jean-Claude Pascal,male
The Allisons,group
Betty Curtis,female
Marion Rung,female
Víctor Balaguer,male
Eleonore Schwarz,female
Ellen Winther,female
Inger Berggren,female
Conny Froboess,female
De Spelbrekers,group
Isabelle Aubret,female
Inger Jacobsen,female
Lola Novaković,female
Ronnie Carroll,male
Claudio Villa,male
Annie Palmen,female
Heidi Brühl,female
Carmela Corren,female
Anita Thallaug,female
Emilio Pericoli,male
Laila Halme,female
Grethe & Jørgen Ingmann,group
Vice Vukov,male
Esther Ofarim,female
Alain Barrière,male
José Guardiola,male
Monica Zetterlund,female
Jacques Raymond,male
Françoise Hardy,female
Nana Mouskouri,female
Hugues Aufray,male
Anneke Grönloh,female
Arne Bendiksen,male
Bjørn Tidmand,male
Lasse Mårtenson,male
Udo Jürgens,male
Rachel,female
Matt Monro,male
Nora Nova,female
Romuald,male
António Calvário,male
Gigliola Cinquetti,female
Sabahudin Kurt,male
Robert Cogoi,male
"Tim, Nelly & Tony",group
Conny Vandenbos,female
Kathy Kirby,female
Butch Moore,male
Ulla Wiesner,female
Kirsti Sparboe,female
Lize Marke,female
Marjorie Noël,female
Ingvar Wixell,male
Guy Mardel,male
Simone de Oliveira,female
Bobby Solo,male
Birgit Brüel,female
France Gall,female
Viktor Klimenko,male
Yovanna,female
Margot Eskens,female
Ulla Pia,female
Tonia,female
Michèle Torr,female
Berta Ambrož,female
Åse Kleveland,female
Ann Christine,female
Madalena Iglésias,female
Lill Lindfors & Svante Thuresson,group
Raphael,male
Madeleine Pascal,female
Téréza,female
Dominique Walter,male
Milly Scott,female
Dickie Rock,male
Kenneth McKellar,male
Thérèse Steinmetz,female
Vicky Leandros,female
Peter Horton,male
Noëlle Cordier,female
Eduardo Nascimento,male
Géraldine,female
Östen Warnerbring,male
Fredi,male
Inge Brück,female
Louis Neefs,male
Sandie Shaw,female
Minouche Barelli,female
Lado Leskovar,male
Sean Dunphy,male
Carlos Mendes,male
Ronnie Tober,male
Claude Lombard,female
Karel Gott,male
Chris Baldo & Sophie Garel,group
Gianni Mascolo,male
Line & Willy,group
Claes-Göran Hederström,male
Kristina Hautala,female
Sergio Endrigo,male
Cliff Richard,male
Odd Børre,male
Pat McGuigan,male
Massiel,female
Wenche Myhre,female
Luci Capurso & Hamo Hajdarhodžić,group
Ivan[hr] & 4M,group
Salomé,female
Jean Jacques,male
Muriel Day and The Lindsays,group
Iva Zanicchi,female
Lulu,female
Lenny Kuhr,female
Tommy Körberg,male
Paola del Medico,female
Frida Boccara,female
Jarkko & Laura,group
Patricia & Hearts of Soul,group
Henri Dès,male
Gianni Morandi,male
Eva Sršen,female
Jean Vallée,male
Guy Bonnet,male
Mary Hopkin,female
David Alexandre Winter,male
Julio Iglesias,male
Dominique Dussault,female
Katja Ebstein,female
Dana,female
Marianne Mendt,female
Joe Grech,male
Séverine,female
"Peter, Sue and Marc",group
Karina,female
Serge Lama,male
Monique Melsen,female
Clodagh Rodgers,female
Lily Castel & Jacques Raymond,group
Massimo Ranieri,male
Family Four,group
Angela Farrell,female
Saskia & Serge,group
Tonicha,female
Krunoslav Slabinac,male
Markku Aro & Koivistolaiset,group
Hanne Krogh,female
Mary Roos,female
Betty Mars,female
Sandie Jones,female
Jaime Morey,male
The New Seekers,group
Grethe Kausland & Benny Borg,group
Véronique Müller,female
Helen & Joseph,group
Päivi Paunu & Kim Floor,group
Milestones,group
Nicola Di Bari,male
Tereza Kesovija,female
Anne-Marie Godart[fr] & Peter McLane,group
Serge & Christine Ghisoland,group
Sandra & Andres,group
Nicole & Hugo,group
Fernando Tordo,male
Gitte,female
Bendik Singers,group
Marie,female
Mocedades,group
Patrick Juvet,male
Zdravko Čolić,male
Anne-Marie David,female
The Nova & The Dolls,group
Ben Cramer,male
Maxi,female
Martine Clémenceau,female
Ilanit,female
Carita,female
Olivia Newton-John,female
Peret,male
Anne-Karine Strøm & Bendik Singers,group
Marinella,female
Poogy,group
Korni Grupa,group
ABBA,group
Ireen Sheer,female
Jacques Hustin,male
Mouth & MacNeal,group
Tina Reynolds,female
Cindy & Bert,group
Piera Martell,female
Paulo de Carvalho,male
Teach-In,group
The Swarbriggs,group
Nicole Rieu,female
Joy Fleming,female
Geraldine,female
Ellen Nikolaysen,female
Simone Drexel,female
Pepel in kri,group
The Shadows,group
Renato,male
Ann Christy,female
Shlomo Artzi,male
Semiha Yankı,female
Sophie,female
Pihasoittajat,group
Duarte Mendes,male
Sergio & Estíbaliz,group
Lasse Berghagen & The Dolls,group
Wess & Dori Ghezzi,group
Brotherhood of Man,group
Les Humphries Singers,group
"Chocolate, Menta, Mastik",group
Jürgen Marcus,male
Pierre Rapsat,male
Red Hurley,male
Sandra Reemer,female
Anne-Karine Strøm,female
Mariza Koch,female
Fredi & The Friends,group
Braulio,male
Al Bano & Romina Power,group
Waterloo & Robinson,group
Carlos do Carmo,male
Mary Christy,female
Catherine Ferry,female
Ambasadori,group
The Swarbriggs Plus Two,group
Heddy Lester,female
Schmetterlinge,group
Anita Skorgan,female
Silver Convention,group
Anne-Marie B,female
Os Amigos,group
Lynsey de Paul & Mike Moran,group
"Pascalis[el], Marianna[el], Robert[el] & Bessy",group
Pepe Lienhard Band,group
Forbes,group
Micky,male
Mia Martini,female
Monica Aspelund,female
Dream Express,group
Marie Myriam,female
Colm C. T. Wilkinson,male
Jahn Teigen,male
Ricchi e Poveri,group
Seija Simola,female
Gemini,group
Joël Prévost,male
José Vélez,male
Co-Co,group
Carole Vinci,female
Harmony,group
Nilüfer & Nazar,group
Caline[fr] & Olivier Toussaint,group
Tania Tsanaklidou,female
Mabel,female
Baccara,group
Izhar Cohen & the Alphabeta,group
Springtime,group
Björn Skifs,male
Manuela Bravo,female
Matia Bazar,group
Tommy Seebach,male
Cathal Dunne,male
Katri Helena,female
Laurent Vaguener,male
Elpida,female
"Peter, Sue and Marc & Pfuri, Gorps & Kniri",group
Dschinghis Khan,group
Milk and Honey,group
Micha Marah,female
Jeane Manson,female
Xandra,female
Ted Gärdestad,male
Black Lace,group
Christina Simon,female
Betty Missiego,female
Blue Danube,group
Ajda Pekkan,female
Anna Vissi & the Epikouri,group
Sophie & Magaly,group
Samira Bensaïd,female
Alan Sorrenti,male
Bamses Venner,group
Tomas Ledin,male
Vesa-Matti Loiri,male
Sverre Kjelsberg & Mattis Hætta,group
Prima Donna,group
José Cid,male
Maggie MacNeal,female
Profil,group
Johnny Logan,male
Trigo Limpio,group
Telex,group
Marty Brem,male
Modern Folk Üçlüsü & Ayşegül,group
Lena Valaitis,female
Hakol Over Habibi,group
Tommy Seebach & Debbie Cameron,group
Seid Memić Vajta,male
Riki Sorsa,male
Jean Gabilou,male
Bacchelli,male
Linda Williams,female
Sheeba,group
Finn Kalvik,male
Bucks Fizz,group
Carlos Paião,male
Emly Starr,female
Yiannis Dimitras,male
Island,group
Doce,group
Svetlana,female
Jahn Teigen & Anita Skorgan,group
Bardo,group
Neco,male
Kojo,male
Arlette Zola,female
Anna Vissi,female
Chips,group
Mess,group
Stella,female
Lucía,female
Brixx,group
Aska,group
Avi Toledano,male
Bill van Dijk,male
The Duskeys,group
Nicole,female
Sweet Dreams,group
Carola,female
Riccardo Fogli,male
Çetin Alp & The Short Waves,group
Remedios Amaya,female
Mariella Farré,female
Ami Aspelund,female
Christie Stassinopoulou,female
Bernadette,female
Daniel,male
Stavros[de] & Constantina,group
Hoffmann & Hoffmann,group
Gry Johansen,female
Ofra Haza,female
Armando Gama,male
Westend,group
Pas de Deux,group
Corinne Hermès,female
Herreys,group
Sophie Carle,female
Annick Thoumazeau,female
Bravo,group
Dollie de Luxe,group
Belle and the Devotions,group
Andy Paul,male
Jacques Zegers,male
Linda Martin,female
Hot Eyes,group
Maribelle,female
Izolda & Vlado,group
Anita,female
"Beş Yıl Önce, On Yıl Sonra",group
Kirka,male
Rainy Day,group
Alice & Franco Battiato,group
Maria Guinot,female
Maria Christian,female
Sonja Lumme,female
Lia Vissi,female
Paloma San Basilio,female
Roger Bens,male
MFÖ,group
Linda Lepomme,female
Adelaide,female
Wind,group
Izhar Cohen,male
Bobbysocks!,group
Vikki,female
Mariella Farré & Pino Gasparini,group
Kikki Danielsson,female
Gary Lux,male
"Margo[nl], Franck Olivier, Diane Solomon, Ireen Sheer, Chris & Malcolm Roberts",group
Takis Biniaris,male
Sherisse Laurence,female
Doris Dragović,female
Cocktail Chic,group
Ketil Stokkan,male
Ryder,group
ICY,group
Frizzle Sizzle,group
Klips ve Onlar,group
Cadillac,group
Daniela Simmons,female
Moti Giladi & Sarai Tzuriel,group
Luv Bug,group
Sandra Kim,female
Ingrid Peters,female
Timna Brauer,female
Lasse Holm & Monica Törnell,group
Lise Haavik,female
Kari,male
Dora,female
Kate Gulbrandsen,female
Datner[he] & Kushnir,group
Halla Margrét,female
Liliane Saint-Pierre,female
Lotta Engberg,female
Umberto Tozzi & Raf,group
Nevada,group
Patricia Kraus,female
Seyyal Taner & Lokomotif,group
Bang,group
Marcha,female
Plastic Bertrand,male
Rikki,male
Christine Minier,female
Alexia,female
Vicky Rosti,female
Anne-Cathrine Herdorf & Bandjo,group
Novi fosili,group
Carol Rich,female
Beathoven,group
Boulevard,group
Scott Fitzgerald,male
La Década,group
Gerard Joling,male
Yardena Arazi,female
Céline Dion,female
Jump the Gun,group
Maxi & Chris Garden,group
Wilfried,male
Kirsten & Søren,group
Afrodite Fryda,female
Karoline Krüger,female
Reynaert,male
Lara Fabian,female
Luca Barbarossa,male
Gérard Lenorman,male
Srebrna krila,group
Anna Oxa & Fausto Leali,group
Gili & Galit,group
Kiev Connolly & The Missing Passengers,group
Justine Pelmelay,female
Pan,group
Ingeborg,female
Live Report,group
Britt Synnøve Johansen,female
Da Vinci,group
Tommy Nilsson,male
Park Café,group
Birthe Kjær,female
Thomas Forstner,male
Anneli Saaristo,female
Nathalie Pâque,female
Nina,female
Fani Polymeri[el] & Yiannis Savvidakis,group
Furbaz,group
Marianna Efstratiou,female
Daníel Ágúst Haraldsson,male
Nino de Angelo,male
Riva,group
Azúcar Moreno,group
Christos Callow & Wave,group
Philippe Lafontaine,male
Kayahan,male
Maywood,group
Céline Carzo,female
Emma,female
Stjórnin,group
Rita,female
Lonnie Devantier,female
Egon Egemann,male
Chris Kempers & Daniel Kovac,group
Joëlle Ursull,female
Tajči,female
Nucha,female
Liam Reilly,male
Edin-Ådahl,group
Toto Cutugno,male
Simone,female
Haris Anastasiou,male
Beat,group
Baby Doll,female
Stefán & Eyfi,group
Georgina & Paul Giordimaina,group
Sophia Vossou,female
Sandra Simó,female
Sarah Bray,female
Amina,female
"Can Uğurluer, İzel Çeliköz & Reyhan Karaca",group
Kim Jackson,female
Dulce Pontes,female
Anders Frandsen,male
Just 4 Fun,group
Duo Datz,group
Kaija,female
Atlantis 2000,group
Clouseau,group
Sergio Dalma,male
Samantha Janus,female
Elena Patroklou,female
Peppino di Capri,male
Serafín Zubiri,male
Morgane,female
Dafna Dekel,female
Aylin Vatankoş,female
Cleopatra,female
Kali,male
Christer Björkman,male
Dina,female
Evridiki,female
Mary Spiteri,female
Heart 2 Heart,group
Pave,male
Daisy Auvray,female
Marion Welter & Kontinent,group
Tony Wegas,male
Michael Ball,male
Lotte Nilsson[da] & Kenny Lübcke,group
Extra Nena,female
Merethe Trøan,female
Humphrey Campbell,male
Enrico Ruggeri,male
Burak Aydos,male
Münchener Freiheit,male
Annie Cotton,female
Tommy Seebach Band,group
Katerina Garbi,female
Barbara Dex,female
William Mangion,male
Inga,female
Anabela,female
Patrick Fiori,male
Arvingarna,group
Niamh Kavanagh,female
Modern Times,group
1X Band,group
Fazla,male
Sonia,female
Ruth Jacott,female
Put,group
Eva Santamaría,female
Zymboulakis & Van Beke,group
Lahakat Shiru,group
Silje Vige,female
Marie Bergman & Roger Pontare,group
CatCat,group
Paul Harrington & Charlie McGettigan,group
Sigga,female
Frances Ruffelle,female
Tony Cetinski,male
Sara Tavares,female
Duilio,male
Silvi Vrait,female
Dan Bittman,male
Chris and Moira,group
Willeke Alberti,female
MeKaDo,group
Martin Ďurinda & Tublatanka,group
Ovidijus Vyšniauskas,male
Elisabeth Andreassen & Jan Werner Danielsen,group
Alma & Dejan,group
Kostas Bigalis & The Sea Lovers,group
Petra Frey,female
Alejandro Abad,male
Friderika Bayer,female
Youddiph,female
Edyta Górniak,female
Nina Morato,female
Justyna,female
Eddie Friel,male
Stone & Stone,group
Davor Popović,male
Secret Garden,group
Philipp Kirkorov,male
Bo Halldórsson,male
Stella Jones,female
Anabel Conde,female
Arzu Ece,female
Magazin & Lidija,group
Nathalie Santamaria,female
Csaba Szigeti,male
Frédéric Etherlinck,male
Love City Groove,group
Tó Cruz,male
Alexandros Panayi,male
Jan Johansen,male
Aud Wilken,female
Darja Švajger,female
Liora,female
Mike Spiteri,male
Elina Konstantopoulou,female
Şebnem Paker,female
Gina G,female
Antonio Carbonell,male
Lúcia Moniz,female
Constantinos Christoforou,male
Miriam Christine,female
Maja Blagdan,female
George Nussbaumer,male
Kathy Leander,female
Maarja-Liis Ilus & Ivo Linna,group
Elisabeth Andreassen,female
Dan Ar Braz & L'Héritage des Celtes,group
Regina,female
Maxine & Franklin Brown,group
Lisa del Bo,female
Eimear Quinn,female
Jasmine,female
Anna Mjöll,female
Kasia Kowalska,female
Amila Glamočak,female
Marcel Palonder,male
One More Time,group
Hara & Andreas Konstantinou,group
Şebnem Paker & Grup Etnic,group
Tor Endresen,male
Bettina Soriat,female
Marc Roberts,male
Tanja Ribič,female
Barbara Berta,female
Mrs. Einstein,group
Jalisse,group
Marcos Llunas,male
Bianca Shomburg,female
Anna Maria Jopek,female
Maarja-Liis Ilus,female
Alma Čardžić,female
Célia Lawson,female
Blond,group
Marianna Zorba,female
Debbie Scerri,female
V.I.P.,group
Alla Pugacheva,female
Kølig Kaj,male
Fanny,female
E.N.I.,group
Katrina and the Waves,group
Paul Oscar,male
Danijela,female
Thalassa,group
Marie Line,female
Mikel Herzog,male
Gunvor,female
Katarína Hasprová,female
Sixteen,group
Dana International,female
Guildo Horn,male
Chiara,female
Charlie,male
Vili Resnik,male
Dawn Martin,female
Alma Lusa,group
Mălina Olinescu,female
Imaani,female
Michael Hajiyanni,male
Edsilia Rombley,female
Jill Johnson,female
Mélanie Cohl,female
Edea,group
Lars A. Fredriksen,male
Koit Toome,male
Tüzmen,male
Vlado Janevski,male
Aistė,female
Vanessa Chinitor,female
Lydia,female
Precious,group
Tuba Önal & Grup Mistik,group
Van Eijk,male
Trine Jepsen & Michael Teschl,group
Nayah,female
Marlayne,female
Mietek Szcześniak,male
Selma,female
Marlain,female
Charlotte Nilsson,female
Rui Bandeira,male
The Mullans,group
Bobbie Singer,female
Eden,group
Times Three,group
Sürpriz,group
Dino & Béatrice,group
Evelin Samuel & Camille,group
PingPong,group
Linda Wagenmakers,female
Nicki French,female
Ines,female
Sofia Mestari,female
Taxi,group
Claudette Pace,female
Charmed,group
Alsou,female
Nathalie Sorce,female
Voice,group
August & Telma,group
Olsen Brothers,group
Stefan Raab,male
Jane Bogaert,female
Goran Karan,male
Roger Pontare,male
XXL,group
Nina Åström,female
Brainstorm,group
Pınar Ayhan & the S.O.S.,group
Eamonn Toal,male
The Rounder Girls,group
Michelle,female
Two Tricky,group
Nino Pršeš,male
Haldor Lægreid,male
Tal Sondak,male
Mumiy Troll,group
Friends,group
Skamp,group
Arnis Mednis,male
Vanna,female
MTM,group
Gary O'Shaughnessy,male
David Civera,male
Natasha St-Pier,female
Sedat Yüce,male
Lindsay Dracass,female
Nuša Derenda,female
Piasek,male
"Tanel Padar, Dave Benton & 2XL",group
Fabrizio Faniello,male
Antique,group
Rollo & King,group
One,group
Jessica Garlick,female
Manuel Ortega,male
Michalis Rakintzis,male
Rosa,female
Vesna Pisarović,female
Prime Minister,group
Sahlene,female
Karolina,female
Sarit Hadad,female
Francine Jordi,female
Afro-dite,group
Laura,female
Malene,female
Maja Tatić,female
Sergio & The Ladies,group
Sandrine François,female
Corinna May,female
Buket Bengisu & Group Safir,group
Ira Losco,female
Monica Anghel & Marcel Pavel,group
Sestre,group
Marie N,female
Aivaras,male
Birgitta,female
Alf Poier,male
Mickey Harte,male
Sertab Erener,female
Lynn Chircop,female
Mija Martina,female
Rita Guerra,female
Claudia Beni,female
Stelios Constantas,male
Lou,female
t.A.T.u.,group
Beth,female
Lior Narkis,male
Esther Hart,female
Jemini,group
Olexandr,male
Mando,female
Jostein Hasselgård,male
Louisa Baïleche,female
Ich Troje,group
F.L.Y.,group
Urban Trad,group
Ruffus,group
Nicola,female
Fame,group
Karmen,female
Jari Sillanpää,male
Aleksandra and Konstantin,group
Piero Esteriore & The MusicStars,group
Fomins and Kleins,group
David D'Or,male
Marta Roure,female
Sofia Vitória,female
Julie and Ludwig,group
Maryon,female
Sakis Rouvas,male
Ruslana,female
Linas and Simona,group
Anjeza Shahini,female
Lisa Andreas,female
Toše Proeski,male
Platin,group
Neiokõsõ,group
Ivan Mikulić,male
Tomas Thordarson,male
Željko Joksimović & Ad-Hoc Orchestra,group
Deen,male
Re-Union,group
Global.Kryner,group
Laura & The Lovers,group
2B,group
Zdob și Zdub,group
Walters & Kazha,group
Lise Darly,female
Shiri Maimon,female
Angelica Agurbash,female
Glennis Grace,female
Nuno Resende,male
Suntribe,group
Wig Wam,group
Luminița Anghel & Sistem,group
NOX,group
Geir Rönning,male
Martin Vučić,male
Marian van de Wal,female
Vanilla Ninja,group
Boris Novković feat. Lado Members,group
Kaffe,group
Donna & Joe,group
Omar Naber,male
Jakob Sveistrup,male
Ivan & Delfin,group
André,male
Mariana Popova,female
Anžej Dežan,male
Jenny,female
Polina Smolova,female
Luiz Ejlli,male
Kate Ryan,female
Brian Kennedy,male
Annet Artani,female
Séverine Ferrer,female
Elena Risteska,female
Ich Troje feat. Real McCoy,group
Dima Bilan,male
Sibel Tüzün,female
Tina Karol,female
Lordi,group
Treble,group
LT United,group
Nonstop,group
Sandra Oxenryd,female
Hari Mata Hari,group
Silvia Night,female
Elitsa Todorova & Stoyan Yankoulov,group
Teapacks,group
Dmitry Koldun,male
Eiríkur Hauksson,male
Sopho,female
Stevan Faddy,male
DJ BoBo,male
Natalia Barbu,female
Frederik Ndoci,male
DQ,male
Dragonfly feat. Dado Topić,group
The Jet Set,group
Marija Šerifović,female
Kabát,group
Sabrina,female
Guri Schanke,female
Olivia Lewis,female
Anonymous,group
Magdi Rúzsa,female
Gerli Padar,female
The KMG's,group
Alenka Gotar,female
Kenan Doğulu,male
Eric Papilaya,male
Bonaparti.lv,group
Stefan Filipović,male
Boaz,male
Kreisiraadio,group
Geta Burlacu,female
Miodio,group
Ishtar,group
Elnur & Samir,group
Rebeka Dremelj,female
Maria Haukaas Storeng,female
Isis Gee,female
Dustin the Turkey,male
Gisela,female
Laka,male
Sirusho,female
Hind,female
Teräsbetoni,group
Nico & Vlad,group
Kalomira,female
Andrea Demirović,female
Gipsy.cz,group
Copycat,male
Petr Elfimov,male
Malena Ernman,female
Inga & Anush,group
Susanne Georgi,female
Lovebugs,group
Hadise,female
Noa & Mira Awad,group
Krassimir Avramov,male
Yohanna,female
Next Time,group
Elena,female
Waldo's People,group
Flor-de-Lis,group
SunStroke Project & Olia Tira,group
Peter Nalitch & Friends,group
Malcolm Lincoln,group
Kristína,female
Kuunkuiskaajat,group
Aisha,female
Milan Stanković,female
Vukašin Brajić,male
Marcin Mroziński,male
Tom Dice,male
Thea Garrett,female
Juliana Pasha,female
Giorgos Alkaios & Friends,group
Filipa Azevedo,female
Gjoko Taneski,male
3+2 feat. Robert Wells,group
Hera Björk,female
Magdalena Tul,female
Stella Mwangi,female
Aurela Gaçe,female
Emmy,female
Yüksek Sadakat,group
Alexey Vorobyov,male
Anna Rossinelli,female
Eldrine,group
Paradise Oskar,male
Glen Vella,male
Senit,female
Daria,female
Sjonni's Friends,group
Kati Wolf,female
Homens da Luta,group
Evelina Sašenko,female
Ell & Nikki,group
Loucas Giorkas feat. Stereo Mike,group
Rambo Amadeus,male
Greta Salóme & Jónsi,group
Eleftheria Eleftheriou,female
Anmary,female
Rona Nishliu,female
Mandinga,group
Sinplus,group
Iris,female
Pernilla,female
Izabo,group
Valentina Monetta,female
Ivi Adamou,female
Soluna Samay,female
Buranovskiye Babushki,group
Compact Disco,group
Trackshittaz,group
Pasha Parfeny,male
Jedward,group
Natália Kelly,female
Birgit,female
Hannah,female
Klapa s Mora,group
Emmelie de Forest,female
Dina Garipova,female
Zlata Ognevich,female
Anouk,female
Who See,group
Andrius Pojavis,male
Alyona Lanskaya,female
Aliona Moon,female
Ryan Dolan,male
Despina Olympiou,female
Roberto Bellarosa,male
Moje 3,group
Aram MP3,male
Aarzemnieki,group
Tanja,female
Sanna Nielsen,female
Pollapönk,group
Hersi,female
Tolmachevy Sisters,group
Dilara Kazimova,female
Mariya Yaremchuk,female
Axel Hirsoux,male
Cristina Scarlat,female
Suzy,female
The Common Linnets,group
Sergej Ćetković,male
András Kállay-Saunders,male
Eduard Romanyuta,male
Genealogy,group
Loïc Nottet,male
Trijntje Oosterhuis,female
Pertti Kurikan Nimipäivät,group
Maria Elena Kyriakou,female
Elina Born & Stig Rästa,group
Daniel Kajmakoski,male
Bojana Stamenov,female
Boggie,female
Uzari & Maimuna,group
Polina Gagarina,female
Anti Social Media,group
Elhaida Dani,female
Voltaj,group
Nina Sublatti,female
Sandhja,female
Argo,group
Lidia Isac,female
Freddie,male
Nina Kraljić,female
Douwe Bob,male
Iveta Mukuchyan,female
Serhat,male
Sergey Lazarev,male
Gabriela Gunčíková,female
Minus One,group
Zoë,female
Jüri Pootsmann,male
Samra,female
Highway,group
Greta Salóme,female
Dalal & Deen feat. Ana Rucner & Jala,group
Robin Bengtsson,male
Tamara Gachechiladze,female
Isaiah,male
Lindita,female
Blanche,female
Slavko Kalezić,male
Norma John,group
Dihaj,female
Salvador Sobral,male
Demy,female
Kasia Moś,female
SunStroke Project,group
Svala,female
Martina Bárta,female
Hovig,male
Artsvik,female
Triana Park,group
Aisel,female
Ari Ólafsson,male
Eugent Bushpepa,male
Sennek,female
Mikolas Josef,male
Ieva Zasimauskaitė,female
Netta,female
Alekseev,male
Elina Nechayeva,female
Equinox,group
Eye Cue,group
Franka,female
Cesár Sampson,male
Yianna Terzi,female
Saara Aalto,female
Sevak Khanagyan,male
ZiBBZ,group
Ryan O'Shaughnessy,male
Eleni Foureira,female
Tamta,female
D mol,group
Darude feat. Sebastian Rejman,group
Tulia,group
Zala Kralj & Gašper Šantl,group
Lake Malawi,group
Joci Pápai,male
ZENA,female
Nevena Božović,female
Eliot,male
Oto Nemsadze,male
Kate Miller-Heidke,female
Hatari,group
Victor Crone,male
Conan Osiris,male
Katerine Duska,female
The Roop,group
Ana Soklič,female
Manizha,female
Tusse,male
Montaigne,male
Vasil,male
Lesley Roy,male
Elena Tsagrinou,female
Tix,male
Albina,female
Hooverphonic,group
Eden Alene,female
Roxen,female
Efendi,female
Go_A,group
Destiny,female
Euroband,group
Charlotte Perrelli,female
Mor ve Ötesi,group
Ani Lorak,female
Jeronimas Milius,male
Olta Boka,female
Paolo Meneguzzi,male
Tereza Kerndlová,female
Ruslan Alehno,male
Pirates of the Sea,group
Kraljevi ulice & 75 Cents,group
Deep Zone & Balthazar,group
Simon Mathew,male
Diana Gurtskaya,female
Csézy,female
Morena,female
Evdokia Kadi,female
"Tamara, Vrčak & Adrijan",group
Vânia Fernandes,female
Igor Cukrov feat. Andrea,group
Sinéad Mulvey & Black Daisy,group
Intars Busulis,male
Marko Kon & Milaan,group
Lidia Kopania,female
Alexander Rybak,male
Christina Metaxa,female
Kamil Mikulčík & Nela Pocisková,group
Brinck,male
Quartissimo feat. Martina,group
Zoli Ádok,male
AySel & Arash,group
Sasha Son,male
Nelly Ciobanu,female
Kejsi Tola,female
Svetlana Loboda,female
Urban Symphony,group
The Toppers,group
InCulto,group
Eva Rivas,female
Harel Skaat,male
Chanée & N'evergreen,group
Michael von der Heide,male
Anna Bergendahl,female
Safura,female
Alyosha,female
Sieneke,female
Paula Seling & Ovi,group
Ansambel Žlindra & Kalamari,group
Miro,male
Jon Lilygreen & The Islanders,group
Feminnem,group
Sofia Nizharadze,female
maNga,group
Dino Merlin,male
Nadine Beiler,female
3JS,group
Witloof Bay,group
TWiiNS,group
Mika Newton,female
Eric Saade,male
Christos Mylordos,male
Poli Genova,female
Vlatko Ilievski,male
Maja Keuc,female
Hotel FM,group
Getter Jaani,female
Anastasia Vinnikova,female
Musiqq,group
A Friend in London,group
Željko Joksimović,male
Kaliopi,female
Joan Franka,female
Kurt Calleja,male
Litesound,group
Filipa Sousa,female
Gaitana,female
Sofi Marinova,female
Eva Boto,female
Nina Badrić,female
Loreen,female
Anri Jokhadze,male
Can Bonomo,male
Ott Lepland,male
Max Jason Mai,male
Tooji,male
Maya Sar,female
Donny Montell,male
PeR,group
Esma & Lozano,group
Farid Mammadov,male
Krista Siegfrids,female
Gianluca,male
Eythor Ingi,male
Koza Mostra feat. Agathon Iakovidis,group
Moran Mazor,female
Dorians,group
ByeAlex,male
Margaret Berger,female
Adrian Lulgjuraj & Bledar Sejko,group
Nodi Tatishvili & Sophie Gelovani,group
Takasa,group
Cezar,male
Firelight,group
Mei Finegold,female
Carl Espen,male
The Shin & Mariko,group
Donatan & Cleo,group
Conchita Wurst,male
Vilija,female
Softengine,group
Can-linn feat. Kasey Smith,group
Teo,male
Tijana,female
Sebalter,male
Freaky Fortune feat. RiskyKidd,group
Tinkara Kovač,female
Monika Linkytė & Vaidas Baumila,group
Molly Sterling,female
Anita Simoncini & Michele Perniola,group
Knez,male
Amber,female
Mørland & Debrah Scarlett,group
Leonor Andrade,female
Marta Jandová & Václav Noid Bárta,group
Nadav Guedj,male
Aminata,female
Elnur Hüseynov,male
Maria Olafs,female
Måns Zelmerlöw,male
Mélanie René,female
John Karayiannis,male
Maraaya,group
Monika Kuszyńska,female
Justs,male
Michał Szpak,male
Rykka,female
Hovi Star,male
Ivan,male
Sanja Vučić ZAA,female
Nicky Byrne,male
Dami Im,female
ManuElla,female
Lighthouse X,group
Jamala,female
Agnete,female
Nika Kocharov & Young Georgian Lolitaz,group
Eneda Tarifa,female
Laura Tesoro,female
Tijana Bogićević,female
Nathan Trent,male
Jana Burčeska,female
Claudia Faniello,female
Ilinca feat. Alex Florea,group
O'G3NE,group
Anja,female
Brendan Murray,male
Valentina Monetta & Jimmie Wilson,group
Jacques Houdek,male
JOWST,male
Jowst,male
Timebelle,group
Naviband,group
Kristian Kostov,male
Fusedmarc,group
Koit Toome & Laura,group
Imri,male
The Humans,group
Sanja Ilić & Balkanika,group
Jessika feat. Jenifer Brening,group
Rasmussen,male
Julia Samoylova,female
DoReDoS,group
Waylon,male
Jessica Mauboy,female
Ethno-Jazz Band Iriao,group
Gromee feat. Lukas Meijer,group
Christabelle,female
AWS,group
Laura Rizzotto,female
Benjamin Ingrosso,male
Vanja Radovanović,male
Lea Sirk,female
Mélovin,male
Srbuk,female
Sarah McTernan,female
Anna Odobescu,female
Luca Hänni,male
Carousel,group
Ester Peony,female
Leonora,female
John Lundvik,male
PÆNDA,female
Roko,male
Michela,female
Jurij Veklenko,male
Jonida Maliqi,female
KEiiNO,group
Duncan Laurence,male
Tamara Todevska,female
Chingiz,male
Senhit,female
Uku Suviste,male
Benny Cristo,male
Stefania,female
Vincent Bueno,male
Rafał,male
Natalia Gordienko,female
Daði og Gagnamagnið,male
Hurricane,group
Tornike Kipiani,male
Anxhela Peristeri,female
The Black Mamba,group
Victoria,female
Blind Channel,group
Samanta Tīna,female
Gjon's Tears,male
Fyr & Flamme,group
Ramón,male
Tie Break,group
Knut Anders Sørum,male
Jonatan Cerrada,male
Max Mutzke,male
Xandee,female
Julia Savicheva,female
Jónsi,male
Chris Doran,male
Blue Café,group
James Fox,male
Athena,group
Sanda,female
Lena Philipsson,female
Javine,female
Gülseren,female
Ledina Çelo,female
Son de Sol,group
No Name,group
Martin Stenmarck,male
GreenJolly,group
Gracia,female
Helena Paparizou,female
Natalia Podolskaya,female
Ortal,female
six4one,group
Arsenium feat. Natalia Gordienko & Connect-R,group
Eddie Butler,male
Vocal Group Cosmos,group
Christine Guldbrandsen,female
Las Ketchup,group
Texas Lightning,group
Sidsel Ben Semmane,female
Mihai Trăistariu,male
Daz Sampson,male
Virginie Pouchain,female
Severina,female
Marija Šestić,female
D'NASH,group
Dervish,group
Hanna Pakarinen,female
4Fun,group
Sarbel,male
The Ark,group
Les Fatals Picards,group
Serebro,group
Roger Cicero,male
Verka Serduchka,male
Scooch,group
Todomondo,group
Hayko,male
Andy Abraham,male
No Angels,group
Sébastien Tellier,male
Rodolfo Chikilicuatre,male
Jelena Tomašević feat. Bora Dugić,group
Patricia Kaas,female
Anastasia Prikhodko,female
Alex Swings Oscar Sings!,group
Jade Ewen,female
Soraya Arnelas,female
Daniel Diges,male
Didrik Solli-Tangen,male
Josh Dubovie,male
Jessy Matador,male
Lena,female
Amaury Vassili,male
Raphael Gualazzi,male
Blue,group
Lucía Pérez,female
Engelbert Humperdinck,male
Anggun,female
Nina Zilli,female
Sabina Babayeva,female
Pastora Soler,female
Roman Lob,male
Amandine Bourgeois,female
ESDM,group
Cascada,female
Bonnie Tyler,female
Robin Stjernberg,male
Marco Mengoni,male
Elaiza,group
Twin Twin,group
Ruth Lorenzo,female
Basim,male
Molly,female
Lisa Angell,female
Electro Velvet,group
Guy Sebastian,male
The Makemakes,group
Ann Sophie,female
Edurne,female
Il Volo,group
Francesca Michielin,female
Frans,male
Jamie-Lee,female
Amir,male
Barei,female
Joe & Jake,group
Francesco Gabbani,male
Manel Navarro,male
Lucie Jones,female
Levina,female
O.Torvald,group
Alma,female
Amaia & Alfred,group
Cláudia Pascoal,female
SuRie,female
Michael Schulte,male
Madame Monsieur,group
Ermal Meta & Fabrizio Moro,group
S!sters,group
Kobi Marimi,male
Michael Rice,male
Bilal Hassani,female
Mahmood,male
Miki,male
James Newman,male
Blas Cantó,male
Jendrik,male
Barbara Pravi,female
Jeangu Macrooy,male
Måneskin,group
